src_ip,dst_ip,server_port,prot,p_count,b_count,max_size,min_size,abyte_count,sbyte_count,
10.200.1.131,192.168.122.85,60303,6,0.00027714833,1.260558e-06,0.0009869913,0.008584145,0.01240211,0.014504616,FTP_DATA
192.168.128.117,47.254.50.214,80,6,2.156667e-05,6.596461e-07,2.595201e-05,0.017888421,0.010469586,0.020659829,FTP_DATA
104.192.108.112,192.168.127.88,80,6,5.8606734e-06,4.7737404e-07,5.727063e-06,0.052309327,0.027407778,0.05701793,FTP_DATA
192.168.128.117,47.254.50.214,80,6,3.3967437e-05,7.3928035e-08,1.1710295e-06,0.0041286834,0.00110915,0.0037471345,FTP_DATA
104.192.108.135,192.168.128.43,80,6,0.00013755387,2.5337803e-07,1.4299952e-05,0.001568295,0.000746434,0.0020890245,FTP_DATA
192.168.122.141,104.192.108.133,80,6,0.00024296284,1.0007174e-06,0.00032416318,0.010200977,0.0073766797,0.012016422,FTP_DATA
192.168.122.141,104.192.108.133,80,6,1.3348421e-05,4.030707e-07,1.0761112e-05,0.019064046,0.012797475,0.022057168,FTP_DATA
192.168.122.141,104.192.108.133,80,6,0.0001380403,2.543702e-07,9.487192e-06,0.0017854432,0.0006464786,0.002101134,FTP_DATA
200.3.193.30,192.168.121.29,63430,6,0.00016528674,7.116631e-08,1.686259e-06,0.0015608253,0.00080439134,0.00234545,FTP_DATA
192.168.128.43,104.192.108.135,80,6,1.2402185e-05,6.220356e-07,1.766773e-05,0.018193832,0.009730552,0.019630508,FTP_DATA
192.168.128.43,104.192.108.135,80,6,6.521777e-06,5.6444054e-07,7.5615844e-06,0.07166606,0.037356913,0.07910696,FTP_DATA
104.192.108.133,192.168.122.141,80,6,8.187409e-06,3.8837342e-07,7.021661e-06,0.020853076,0.012385174,0.023147136,FTP_DATA
104.192.108.112,192.168.127.88,80,6,5.828846e-06,7.6982514e-07,1.2407769e-05,0.07505638,0.043580204,0.08309556,FTP_DATA
192.168.128.43,104.192.108.135,80,6,5.7895727e-06,5.878726e-07,5.0134154e-06,0.06096612,0.030045941,0.064940594,FTP_DATA
192.168.128.43,104.192.108.135,80,6,0.00011116419,6.8560166e-07,4.23181e-05,0.011047564,0.0070947786,0.014076885,FTP_DATA
192.168.127.88,104.192.108.112,80,6,0.0010199569,1.9046665e-06,5.8495796e-05,0.004759038,0.0014070778,0.0056271562,FTP_DATA
192.168.122.141,104.192.108.133,80,6,6.9279017e-06,6.5767625e-07,1.06229e-05,0.071782954,0.03930269,0.07978485,FTP_DATA
104.192.108.133,192.168.128.37,80,6,7.157815e-05,1.0717694e-06,0.00018618601,0.022417769,0.020561948,0.02811219,FTP_DATA
104.192.108.135,192.168.128.43,80,6,7.886532e-06,4.063405e-07,5.916267e-06,0.05002359,0.028502246,0.057651058,FTP_DATA
104.192.108.135,192.168.128.43,80,6,7.0352144e-06,6.775521e-07,7.4862432e-06,0.073561005,0.03939478,0.079936795,FTP_DATA
192.168.127.88,104.192.108.112,80,6,9.9531035e-06,2.3952362e-07,5.1846278e-06,0.024700815,0.017049896,0.030414388,FTP_DATA
192.168.128.43,104.192.108.135,80,6,6.1424344e-06,3.937471e-07,4.1756707e-06,0.028158026,0.0155272335,0.031094598,FTP_DATA
47.254.50.214,192.168.128.117,80,6,0.00016668091,1.4800443e-06,0.0010502837,0.016121145,0.01767681,0.024161298,FTP_DATA
192.168.128.59,104.192.108.106,80,6,0.00038138535,2.7001539e-08,1.923356e-08,6.564987e-05,6.5666054e-06,6.930724e-05,FTP_DATA
104.192.108.107,192.168.128.134,80,6,6.3915436e-06,6.312663e-07,7.052317e-06,0.07172695,0.036717065,0.07662077,FTP_DATA
104.192.108.133,192.168.122.141,80,6,7.083809e-06,2.482385e-07,3.7577481e-06,0.03441735,0.019255102,0.039393563,FTP_DATA
192.168.122.141,104.192.108.133,80,6,8.737458e-06,8.093019e-07,8.048385e-06,0.07815264,0.03858984,0.08282483,FTP_DATA
192.168.128.43,104.192.108.135,80,6,7.676488e-06,3.2398208e-07,3.3572073e-06,0.02994537,0.019349128,0.03539635,FTP_DATA
104.192.108.135,192.168.128.43,80,6,7.5876683e-06,3.9008165e-07,6.1581068e-06,0.039685424,0.023631904,0.04549907,FTP_DATA
192.168.128.89,10.200.1.131,28594,6,1.4358112e-06,5.710755e-07,5.8830276e-05,0.06714427,0.04964083,0.07926265,FTP_DATA
192.168.128.89,10.200.1.131,45477,6,0.00019006035,2.0382653e-07,1.5135062e-06,0.0010191518,0.00035492887,0.0013270848,FTP_DATA
192.168.122.141,104.192.108.133,80,6,8.490383e-06,4.2996803e-07,5.0931176e-06,0.027376693,0.016206233,0.031527944,FTP_DATA
104.192.108.112,192.168.127.88,80,6,5.2178275e-05,1.1249123e-06,7.9833866e-05,0.015681436,0.012546421,0.020453162,FTP_DATA
10.200.7.7,192.168.121.48,3128,6,7.72419e-06,3.9780682e-07,3.778274e-06,0.048413955,0.030764787,0.056955308,FTP_DATA
192.168.128.43,104.192.108.135,80,6,9.754369e-06,2.1020362e-07,5.1020716e-06,0.023268515,0.016726987,0.02894343,FTP_DATA
104.192.108.133,192.168.122.141,80,6,7.655483e-06,4.1056884e-07,4.862762e-06,0.03133984,0.017886678,0.035491504,FTP_DATA
104.192.108.133,192.168.122.141,80,6,0.00010135537,2.1361623e-06,0.00020931812,0.012268681,0.008092437,0.014881842,FTP_DATA
192.168.122.141,104.192.108.133,80,6,3.9595516e-06,6.321856e-07,1.2739917e-05,0.07765567,0.04473887,0.08510408,FTP_DATA
192.168.121.29,200.3.193.30,63430,6,1.25950855e-05,3.239252e-07,7.682142e-06,0.017312486,0.01074604,0.02024919,FTP_DATA
104.192.108.133,192.168.122.141,80,6,7.273883e-06,5.790295e-07,7.824935e-06,0.068939306,0.036518,0.07569067,FTP_DATA
104.192.108.133,192.168.122.141,80,6,7.943852e-05,4.1936224e-07,5.5098208e-05,0.0149952825,0.016325181,0.022552796,FTP_DATA
192.168.122.85,10.200.1.131,60303,6,3.675198e-05,2.480312e-07,7.6245315e-06,0.008516488,0.0055590277,0.009115037,FTP_DATA
104.192.108.133,192.168.128.37,80,6,7.9379526e-05,7.5602685e-07,8.1165694e-05,0.020328194,0.01712587,0.02415692,FTP_DATA
192.168.128.37,104.192.108.133,80,6,9.828474e-06,2.7735138e-07,5.1764214e-06,0.028582502,0.018478896,0.033922795,FTP_DATA
104.192.108.135,192.168.128.43,80,6,0.00075910613,1.065647e-06,2.7162654e-05,0.004958341,0.0022389435,0.00665797,FTP_DATA
192.168.128.89,10.200.1.131,28594,6,0.0008316423,3.4184432e-06,0.00034821962,0.009467027,0.012414224,0.016257841,FTP_DATA
10.200.1.131,192.168.128.89,17635,6,4.253938e-05,9.627329e-07,4.6823032e-05,0.013725101,0.00972532,0.016678892,FTP_DATA
104.192.108.134,192.168.128.3,80,6,1.3067142e-05,3.517802e-07,1.1682314e-05,0.019671949,0.014191286,0.023910975,FTP_DATA
192.168.128.134,104.192.108.107,80,6,0.00023192623,1.3204384e-07,3.685619e-06,0.000251103,4.9053957e-05,0.0002839221,FTP_DATA
192.168.128.43,104.192.108.135,80,6,8.709897e-06,3.6984673e-07,8.262789e-06,0.015114798,0.00824314,0.016045181,FTP_DATA
192.168.128.3,104.192.108.134,80,6,6.083137e-06,5.979754e-07,7.1183053e-06,0.071048886,0.036481168,0.076940805,FTP_DATA
47.254.50.214,192.168.128.117,80,6,1.8425206e-05,2.5663923e-07,4.980586e-06,0.013291342,0.008564045,0.01581275,FTP_DATA
104.192.108.135,192.168.128.43,80,6,0.00025481297,8.267481e-07,7.146847e-05,0.0013321184,0.0005885959,0.001710208,FTP_DATA
104.192.108.133,192.168.122.141,80,6,0.0011491637,1.4569608e-06,3.8512917e-05,0.0049768924,0.0030328166,0.005580603,FTP_DATA
192.168.128.89,10.200.1.131,45477,6,6.1434184e-06,6.8858964e-07,8.022424e-06,0.07164846,0.03704618,0.0759404,FTP_DATA
192.168.128.37,104.192.108.133,80,6,7.611621e-06,7.4262687e-07,6.257553e-06,0.06592167,0.034467306,0.07144577,FTP_DATA
192.168.128.30,172.217.28.99,80,6,2.6942284e-05,2.3568693e-07,1.4049956e-05,0.011331476,0.0073630125,0.01536338,FTP_DATA
10.200.1.131,192.168.128.89,45477,6,4.8552506e-06,5.0474875e-07,8.4437825e-06,0.07156623,0.040535424,0.079970084,FTP_DATA
172.217.28.99,192.168.128.30,80,6,7.865876e-06,3.873115e-07,5.2319374e-06,0.043254424,0.02386518,0.049198575,FTP_DATA
192.168.121.48,10.200.7.7,3128,6,4.8803377e-06,5.412741e-07,9.0444955e-06,0.07306648,0.040488847,0.08009412,FTP_DATA
104.192.108.112,192.168.127.88,80,6,0.0034558352,6.9424254e-06,0.00017014328,0.004375175,0.0021251463,0.005787922,FTP_DATA
104.192.108.135,192.168.128.43,80,6,9.1681075e-05,1.0465126e-06,8.8982524e-05,0.013684444,0.008467418,0.016294535,FTP_DATA
192.168.128.59,104.192.108.106,80,6,2.0637135e-05,5.405442e-07,2.1166004e-05,0.018383626,0.009151669,0.020369489,FTP_DATA
104.192.108.135,192.168.128.43,80,6,0.0005153065,4.571633e-07,1.0835939e-05,0.002067263,0.0004480706,0.0021667741,FTP_DATA
104.192.108.106,192.168.128.59,80,6,7.670151e-06,3.3151267e-07,4.7266094e-06,0.025674285,0.015137275,0.029426746,FTP_DATA
192.168.121.29,200.3.193.30,63430,6,0.00021090759,5.051181e-07,1.0167981e-05,0.004137138,0.0010297092,0.0044564074,FTP_DATA
192.168.122.141,104.192.108.133,80,6,2.3196877e-05,4.9242044e-07,2.0623678e-05,0.018439792,0.016240608,0.025257405,FTP_DATA
192.168.127.88,104.192.108.112,80,6,6.316406e-05,2.0156826e-06,0.0001151362,0.012276184,0.008536058,0.014457769,FTP_DATA
104.192.108.134,192.168.128.3,80,6,1.8963503e-05,6.6979385e-07,2.1208762e-05,0.016387437,0.010198917,0.018264359,FTP_DATA
192.168.122.141,104.192.108.133,80,6,0.0001261554,1.1527832e-08,8.792326e-08,4.4964936e-06,7.067521e-07,5.4397356e-06,FTP_DATA
192.168.128.43,104.192.108.135,80,6,1.1021116e-05,6.502448e-07,5.4278325e-06,0.06292038,0.033577826,0.0688483,FTP_DATA
192.168.128.43,104.192.108.135,80,6,2.0298796e-05,4.862948e-07,1.6622167e-05,0.017561032,0.011466927,0.020582475,FTP_DATA
192.168.128.43,104.192.108.135,80,6,8.617016e-06,4.886765e-07,6.035072e-06,0.03720747,0.023171019,0.04321824,FTP_DATA
192.168.128.43,104.192.108.135,80,6,7.8383323e-07,2.8307204e-07,0.0001338945,0.053587016,0.05302479,0.06794979,FTP_DATA
10.200.1.131,192.168.122.85,60303,6,8.3651485e-06,2.6776502e-07,3.1915226e-06,0.025109809,0.014753504,0.028710369,FTP_DATA
10.200.1.131,192.168.128.89,45477,6,1.489704e-05,5.158372e-07,1.9341152e-05,0.010962126,0.006991615,0.012605396,FTP_DATA
104.192.108.135,192.168.128.43,80,6,2.270167e-05,7.2695724e-07,2.8334334e-05,0.011106505,0.007463515,0.013195828,FTP_DATA
104.192.108.106,192.168.128.59,80,6,2.0211985e-05,4.5129457e-07,1.1199711e-05,0.013209111,0.009175712,0.015974203,FTP_DATA
10.200.7.7,192.168.121.48,3128,6,4.7820154e-06,7.5635137e-07,1.025503e-05,0.0746989,0.041872215,0.082570255,FTP_DATA
104.192.108.133,192.168.122.141,80,6,3.4126595e-05,1.351908e-06,0.000100866346,0.01261953,0.011462241,0.016103253,FTP_DATA
192.168.128.3,104.192.108.134,80,6,2.081685e-05,3.8784523e-07,8.808801e-06,0.015004653,0.009769432,0.017447118,FTP_DATA
192.168.128.43,104.192.108.135,80,6,2.4770668e-06,8.276435e-07,3.1198964e-05,0.07278067,0.044819828,0.08044873,FTP_DATA
192.168.128.89,10.200.1.131,17635,6,9.042831e-06,2.9689866e-07,3.0287738e-06,0.030521296,0.021746498,0.03750383,FTP_DATA
192.168.127.88,104.192.108.112,80,6,5.319624e-05,1.2975606e-06,9.128014e-05,0.015072035,0.009604856,0.017522817,FTP_DATA
192.168.122.85,10.200.1.131,60303,6,1.04873025e-05,3.177963e-07,5.322402e-06,0.026500518,0.018761702,0.03208793,FTP_DATA
10.200.1.131,192.168.128.89,28594,6,2.0133764e-05,4.6872555e-07,1.957369e-05,0.016426243,0.010497464,0.018985972,FTP_DATA
104.192.108.133,192.168.122.141,80,6,1.1300215e-05,4.5517214e-07,9.648805e-06,0.024955288,0.0150618795,0.02852778,FTP_DATA
104.192.108.135,192.168.128.43,80,6,1.1136021e-05,4.404319e-07,7.3083784e-06,0.04040458,0.026707076,0.048813403,FTP_DATA
192.168.128.30,172.217.28.99,80,6,3.9787087e-06,8.6914895e-07,1.9120038e-05,0.07669525,0.04528108,0.08573153,FTP_DATA
200.3.193.30,192.168.121.29,63430,6,3.626068e-06,5.0933374e-07,7.2517396e-06,0.07281698,0.03634954,0.07785328,FTP_DATA
104.192.108.107,192.168.128.134,80,6,0.0006316937,1.5410145e-06,0.00010767446,0.004426287,0.0024083573,0.005679586,FTP_DATA
10.200.1.131,192.168.128.89,17635,6,0.00015723599,1.1497824e-06,0.00010396173,0.01497893,0.0146066155,0.022126887,FTP_DATA
192.168.121.48,10.200.7.7,3128,6,2.651635e-05,4.0952904e-07,1.0875984e-05,0.012107867,0.0057617677,0.012324387,FTP_DATA
192.168.128.89,10.200.1.131,17635,6,0.00055321853,5.5099207e-07,4.5675733e-06,0.0029287154,0.0012041029,0.0037668021,FTP_DATA
192.168.122.141,104.192.108.133,80,6,6.3752536e-06,3.150752e-07,4.5264082e-06,0.021029592,0.013140433,0.024886841,FTP_DATA
192.168.128.43,104.192.108.135,80,6,4.2048823e-06,8.1948156e-07,1.9411424e-05,0.08131106,0.0521842,0.0925434,FTP_DATA
10.200.1.131,192.168.128.89,28594,6,5.3393327e-05,1.4867584e-06,0.00010507859,0.010813719,0.00756753,0.012854971,FTP_DATA
192.168.128.134,104.192.108.107,80,6,0.0002467591,7.9050244e-07,0.0001233227,0.004897847,0.0026475466,0.006735853,FTP_DATA
104.192.108.133,192.168.122.141,80,6,1.41696455e-05,3.0613512e-07,9.794284e-06,0.014469596,0.010553213,0.01767724,FTP_DATA
104.192.108.135,192.168.128.43,80,6,0.0001370838,6.9025043e-07,7.4918564e-05,0.01139814,0.011590625,0.017031597,FTP_DATA
104.192.108.135,192.168.128.43,80,6,0.0010251728,2.7774388e-06,5.6237335e-05,0.0040018084,0.0018320098,0.0050318427,FTP_DATA
104.192.108.135,192.168.128.43,80,6,9.6325675e-06,3.064006e-07,4.58968e-06,0.018994668,0.013081253,0.022934938,FTP_DATA
172.217.28.99,192.168.128.30,80,6,2.976961e-06,7.0296954e-07,3.6681737e-05,0.07470922,0.04901111,0.085541956,FTP_DATA
104.192.108.135,192.168.128.43,80,6,3.0285135e-05,5.1404083e-07,1.0478704e-05,0.011740754,0.007092996,0.013945308,FTP_DATA
35.190.43.134,192.168.127.13,443,6,1.9851286e-05,1.9729761e-05,0.008602517,0.12594242,0.063852586,0.123297974,Snapchat
35.190.43.134,192.168.128.3,443,6,0.0002027568,9.796205e-09,4.8662256e-05,0.015142656,0.007873779,0.012369931,Snapchat
216.239.36.126,192.168.128.110,443,6,0.00013988289,3.5332032e-08,8.317102e-05,0.020368436,0.013216192,0.019041322,Snapchat
192.168.128.3,35.186.226.184,443,6,9.01119e-05,9.092416e-09,7.2545e-05,0.019275771,0.006636735,0.013436032,Snapchat
192.168.121.24,35.186.226.184,443,6,0.0003020862,1.0620519e-05,0.008550663,0.03736634,0.020679438,0.03101736,Snapchat
35.201.121.164,192.168.127.13,443,6,8.005196e-05,1.3848356e-05,0.006745894,0.04576127,0.06675443,0.06043832,Snapchat
192.168.128.110,216.239.36.126,443,6,6.0836017e-05,1.1844326e-05,0.0063066,0.05701928,0.07754185,0.07252419,Snapchat
216.239.36.126,192.168.128.3,443,6,7.355864e-05,9.803806e-06,0.007881691,0.06827102,0.026442135,0.055522162,Snapchat
192.168.127.13,35.186.197.135,443,6,0.00021262972,5.465882e-06,0.008653983,0.02093278,0.012671826,0.01942343,Snapchat
216.239.36.126,192.168.128.110,443,17,6.023858e-05,2.040961e-05,0.008088652,0.047296036,0.06810894,0.06345478,Snapchat
192.168.128.110,216.239.36.126,443,17,0.00016860919,1.7154125e-08,5.091935e-05,0.022712879,0.008633266,0.016718723,Snapchat
192.168.128.3,216.239.36.126,443,6,0.00016624409,8.137233e-07,0.0003138028,0.05400359,0.049039368,0.06241651,Snapchat
35.201.121.164,192.168.127.13,443,6,3.5775804e-05,2.6320216e-05,0.00842649,0.07501172,0.042696923,0.0740266,Snapchat
192.168.127.13,35.190.43.134,443,6,4.586286e-05,1.0179283e-06,0.008271727,0.008231923,0.005790946,0.007858176,Snapchat
172.217.30.212,192.168.128.110,443,6,0.00012368566,2.9581665e-06,0.008083469,0.015778214,0.010889875,0.01688557,Snapchat
192.168.127.13,35.201.121.164,443,6,4.0642182e-05,1.8674475e-05,0.008009137,0.05343524,0.055222828,0.064399704,Snapchat
192.168.127.13,216.239.36.126,443,17,4.33019e-05,8.843857e-07,0.0085700955,0.008150082,0.0060667247,0.008060425,Snapchat
192.168.128.97,216.58.222.244,443,6,0.0001262512,2.200527e-06,0.008080652,0.012249125,0.008679792,0.012306882,Snapchat
35.190.43.134,192.168.127.13,443,6,0.00021271528,7.1183053e-06,0.008277046,0.0456617,0.023390435,0.036752008,Snapchat
216.239.36.126,192.168.128.3,443,17,3.9576986e-07,3.01386e-08,0.008301776,0.0037917187,0.004851518,0.004357592,Snapchat
192.168.128.105,216.239.36.126,443,6,0.00028472798,9.552796e-06,0.008250615,0.041324727,0.025754726,0.036076147,Snapchat
192.168.128.3,35.190.43.134,443,6,0.00015633034,3.5096932e-06,0.008218605,0.016837066,0.010367067,0.015850509,Snapchat
192.168.127.13,216.239.36.126,443,17,0.0002641278,6.664514e-06,0.008227787,0.027455363,0.015992308,0.02394177,Snapchat
35.186.226.184,192.168.121.14,443,6,2.284494e-05,1.3567614e-05,0.008093956,0.053011686,0.026384154,0.04751134,Snapchat
192.168.125.216,35.186.226.184,443,6,7.6378754e-05,7.4221157e-06,0.008139747,0.04893744,0.020860123,0.0399938,Snapchat
192.168.127.13,35.186.197.135,443,6,0.00039415606,6.352391e-11,4.2800984e-06,0.014531919,0.009656335,0.010207589,Snapchat
192.168.128.89,35.190.43.134,443,6,1.038509e-05,2.9594204e-07,0.008109897,0.0066327094,0.0061135264,0.007178013,Snapchat
192.168.128.3,35.190.43.134,443,6,0.0002618396,9.509538e-06,0.008410662,0.04429875,0.025654472,0.037134662,Snapchat
192.168.127.13,35.201.121.164,443,6,0.0001801513,8.02058e-06,0.008283438,0.049254816,0.022756387,0.039118573,Snapchat
35.186.226.184,192.168.128.64,443,6,6.17521e-05,8.634118e-06,0.008150912,0.052839648,0.02443181,0.045546025,Snapchat
216.239.36.126,192.168.128.3,443,17,1.9146455e-05,1.6768803e-05,0.008466785,0.048043046,0.030027103,0.048703387,Snapchat
192.168.128.105,216.239.36.126,443,6,0.00010787588,3.6134472e-06,0.007978441,0.015416089,0.010614195,0.01627592,Snapchat
192.168.127.13,35.190.43.134,443,6,0.00013734444,5.518914e-07,0.00030064673,0.05268688,0.042141475,0.054260835,Snapchat
192.168.127.13,35.186.197.135,443,6,0.00023725811,6.598578e-06,0.007882566,0.046350956,0.022075217,0.03859735,Snapchat
192.168.127.13,216.239.36.126,443,17,0.00035869115,1.0259804e-05,0.008513725,0.062010508,0.025054326,0.047521938,Snapchat
192.168.128.3,35.190.43.134,443,6,0.00031264476,1.116406e-05,0.0081861215,0.096486,0.028068384,0.06706455,Snapchat
192.168.121.14,35.186.226.184,443,6,5.451904e-06,1.620964e-07,0.00803995,0.0057505025,0.005683767,0.0063281334,Snapchat
192.168.121.27,35.186.226.184,443,6,9.4940555e-07,4.081869e-08,0.008114555,0.004349267,0.0055367216,0.0051712724,Snapchat
35.190.43.134,192.168.128.89,443,6,0.00017286224,2.7155355e-07,0.00014516978,0.044321936,0.031423826,0.04329648,Snapchat
192.168.128.3,216.239.36.126,443,6,0.00031135735,1.29848195e-05,0.008201699,0.091383114,0.028981932,0.06268471,Snapchat
216.239.36.126,192.168.128.110,443,6,2.962835e-05,7.775851e-07,0.008156696,0.0071588526,0.0059376745,0.0076577067,Snapchat
35.186.197.135,192.168.128.97,443,6,6.149987e-05,2.3017592e-05,0.008023287,0.050354682,0.0729307,0.06744369,Snapchat
35.190.43.134,192.168.127.13,443,6,0.00019321225,9.428735e-06,0.008343721,0.059553217,0.020256864,0.044878818,Snapchat
192.168.128.110,172.217.30.212,443,6,0.00020430832,5.445204e-07,0.00020393134,0.05642922,0.04568543,0.059063442,Snapchat
35.201.121.164,192.168.127.13,443,6,5.1519146e-05,1.0814073e-05,0.008302584,0.08713134,0.030982278,0.068927035,Snapchat
35.201.121.164,192.168.127.13,443,6,4.193881e-05,2.2857404e-05,0.008438595,0.052732848,0.067580044,0.06748776,Snapchat
216.58.222.244,192.168.128.97,443,6,0.00028291473,4.7517515e-12,2.4786407e-06,0.017463032,0.00904766,0.010350397,Snapchat
35.190.43.134,192.168.128.3,443,6,4.78893e-06,1.3638174e-07,0.007930517,0.00589463,0.0059417337,0.006486438,Snapchat
192.168.127.13,35.201.121.164,443,6,5.9268314e-05,1.0350553e-05,0.008121958,0.05445652,0.026161421,0.046891756,Snapchat
35.190.43.134,192.168.128.3,443,6,4.443297e-05,2.2555361e-05,0.008313333,0.053400826,0.05107287,0.06179889,Snapchat
192.168.125.191,216.239.36.126,443,6,8.189308e-05,8.533315e-06,0.008798687,0.11711862,0.028777469,0.078313135,Snapchat
192.168.121.27,35.186.226.184,443,6,0.000101949765,6.498203e-06,0.0022684906,0.045466576,0.062392056,0.059921205,Snapchat
192.168.127.13,35.201.121.164,443,6,0.00041818136,1.2861418e-05,0.008481362,0.08560497,0.026890527,0.06042308,Snapchat
35.201.121.164,192.168.127.13,443,6,0.0002604386,8.9253845e-06,0.00795293,0.03763308,0.023427254,0.032703795,Snapchat
216.58.222.244,192.168.128.97,443,6,8.9740504e-05,5.893849e-06,0.0026930163,0.04099449,0.058614463,0.05501907,Snapchat
192.168.127.13,35.227.238.95,443,6,4.0977182e-05,1.5691136e-05,0.008427781,0.06542671,0.02960361,0.05774933,Snapchat
216.239.36.126,192.168.125.191,443,6,4.6455123e-05,1.1693662e-05,0.008200117,0.058762632,0.028215358,0.05133002,Snapchat
35.186.226.184,192.168.121.27,443,6,8.580201e-05,1.5833192e-06,0.008238738,0.009920773,0.0073633995,0.010114763,Snapchat
35.186.226.184,192.168.128.64,443,6,0.00015748206,6.9027947e-06,0.008278042,0.06042167,0.019546714,0.04579189,Snapchat
192.168.127.13,35.190.43.134,443,6,5.276245e-05,8.829229e-06,0.008356099,0.052120168,0.019131565,0.040707596,Snapchat
192.168.128.64,35.186.226.184,443,6,9.721872e-07,5.7421897e-08,0.007874765,0.0046299575,0.0055118767,0.005384476,Snapchat
192.168.128.97,35.186.197.135,443,6,0.00029770576,1.0198502e-05,0.008248969,0.02832398,0.015817871,0.02449265,Snapchat
192.168.121.27,35.186.226.184,443,6,5.629137e-05,9.546539e-06,0.0083319675,0.05384733,0.02572265,0.045610327,Snapchat
192.168.121.24,35.186.226.184,443,6,0.00026398906,8.712829e-06,0.00820637,0.05437204,0.021815198,0.039438564,Snapchat
35.186.226.184,192.168.128.3,443,6,7.645738e-09,7.1248685e-10,0.0076517453,0.0021402198,0.0035787006,0.0028717525,Snapchat
35.190.43.134,192.168.128.3,443,6,0.0003165555,1.040437e-05,0.00826009,0.048101794,0.023346208,0.037918806,Snapchat
192.168.127.13,35.186.197.135,443,6,3.3477274e-05,1.644673e-05,0.008119439,0.05399229,0.026575947,0.04966619,Snapchat
192.168.128.110,172.217.30.212,443,6,5.0313098e-05,1.5519754e-05,0.008091545,0.054957684,0.037343845,0.055568065,Snapchat
216.239.36.126,192.168.128.105,443,6,0.0002009716,4.959394e-06,0.008085408,0.02367408,0.015096666,0.023133283,Snapchat
192.168.127.13,35.201.121.164,443,6,0.00015170575,2.9523521e-06,0.008148183,0.016362976,0.010815734,0.01542427,Snapchat
192.168.128.97,216.58.222.244,443,6,7.904716e-05,6.9831094e-06,0.008210198,0.051219467,0.024122823,0.04237977,Snapchat
192.168.127.13,35.201.121.164,443,6,3.219998e-05,2.265435e-05,0.008283925,0.05112408,0.04621343,0.059967607,Snapchat
35.186.226.184,192.168.121.24,443,6,3.51557e-05,2.1530584e-05,0.008160706,0.050449394,0.055417337,0.06283244,Snapchat
192.168.127.13,216.239.36.126,443,17,5.1776856e-06,3.3020132e-07,0.008380275,0.0073583685,0.005874454,0.007214479,Snapchat
35.227.238.95,192.168.127.13,443,6,0.0005030514,2.1592898e-11,5.347822e-06,0.012022741,0.008098118,0.007947387,Snapchat
35.201.121.164,192.168.127.13,443,6,5.0540795e-05,1.6896372e-05,0.008240341,0.055116907,0.028344285,0.05072001,Snapchat
192.168.127.13,35.227.238.95,443,6,0.00033500025,9.671808e-06,0.008476851,0.04598703,0.019354664,0.036776714,Snapchat
192.168.125.191,216.239.36.126,443,6,3.0300766e-05,1.733591e-05,0.008320468,0.050675627,0.035805248,0.052770432,Snapchat
35.186.197.135,192.168.127.13,443,6,4.76666e-05,2.3531336e-05,0.008525713,0.052036814,0.062055465,0.06530639,Snapchat
192.168.125.70,35.186.226.184,443,6,5.9836326e-05,1.9886662e-05,0.008222011,0.053202078,0.049145136,0.061610717,Snapchat
216.239.36.126,192.168.125.191,443,6,4.833007e-05,1.1447722e-05,0.008517285,0.050141342,0.025528742,0.04415027,Snapchat
35.186.226.184,192.168.121.27,443,6,2.0335297e-05,6.1033603e-07,0.0084190415,0.0060867467,0.0051548574,0.0060846093,Snapchat
35.186.226.184,192.168.121.27,443,6,0.00012216049,2.8226916e-06,0.008220494,0.015625369,0.010773088,0.015740404,Snapchat
192.168.128.3,216.239.36.126,443,17,3.423697e-05,2.3507675e-05,0.008512414,0.07787037,0.03977088,0.07421371,Snapchat
35.186.226.184,192.168.121.14,443,6,0.00022764858,9.187232e-06,0.008484934,0.04640464,0.025232812,0.039205965,Snapchat
216.239.36.126,192.168.128.3,443,6,0.00010779681,4.496569e-08,0.00013386119,0.038325537,0.014774381,0.029110305,Snapchat
35.186.197.135,192.168.128.97,443,6,0.00010516911,9.3742765e-06,0.005398404,0.06921575,0.08375328,0.08388497,Snapchat
192.168.128.89,35.190.43.134,443,6,0.00026769916,6.458435e-06,0.008097785,0.027544318,0.017305283,0.02617687,Snapchat
35.186.226.184,192.168.128.3,443,6,1.2472198e-05,3.566666e-07,0.007986933,0.0060927905,0.006103721,0.006485998,Snapchat
35.186.226.184,192.168.121.27,443,6,4.9402435e-05,1.757024e-05,0.007920485,0.054769274,0.067741714,0.06774323,Snapchat
192.168.121.27,35.186.226.184,443,6,4.0395735e-05,1.1315583e-05,0.0076388544,0.058518015,0.027543526,0.05144736,Snapchat
192.168.128.110,216.239.36.126,443,6,1.2387988e-05,3.4637424e-07,0.008343255,0.0059367763,0.006008205,0.0066679395,Snapchat
35.186.197.135,192.168.127.13,443,6,2.4397616e-06,1.4016251e-07,0.008612172,0.0050379895,0.0053486465,0.0054775625,Snapchat
192.168.121.14,35.186.226.184,443,6,0.00010570429,2.1167568e-06,0.008322902,0.011899746,0.006989235,0.010931563,Snapchat
35.186.226.184,192.168.125.70,443,6,1.1846314e-05,3.8767365e-07,0.00820979,0.006390001,0.005846246,0.0069653783,Snapchat
35.227.238.95,192.168.127.13,443,6,6.988814e-08,5.3269167e-09,0.0080258995,0.0030770602,0.005125406,0.0039675203,Snapchat
35.186.197.135,192.168.127.13,443,6,9.791659e-06,3.51212e-07,0.008478209,0.0059107295,0.0056679808,0.0064922916,Snapchat
192.168.128.97,35.186.197.135,443,6,1.0639497e-05,3.350438e-07,0.00836717,0.005638547,0.0057414337,0.0063500265,Snapchat
192.168.125.70,35.186.226.184,443,6,4.9359485e-05,1.7207747e-05,0.007720689,0.050570875,0.049051046,0.059798572,Snapchat
192.168.128.3,35.190.43.134,443,6,6.6320204e-06,2.2100106e-07,0.008280408,0.005453349,0.0056502693,0.005787192,Snapchat
192.168.128.3,216.239.36.126,443,17,1.7556202e-06,9.5927795e-08,0.008317521,0.0045451345,0.004898637,0.0050866716,Snapchat
35.190.43.134,192.168.127.13,443,6,2.114178e-05,6.189302e-07,0.008350766,0.0065989587,0.0053399424,0.006690287,Snapchat
192.168.128.110,216.239.36.126,443,17,0.00012796474,3.3518234e-06,0.0009606609,0.048209593,0.06335665,0.06427771,Snapchat
192.168.125.216,35.186.226.184,443,6,2.512061e-05,2.2024935e-05,0.008350794,0.047098074,0.039827615,0.053188387,Snapchat
216.239.36.126,192.168.128.105,443,6,0.00014722582,8.290293e-08,0.00014322819,0.03600779,0.017564027,0.031207316,Snapchat
172.217.30.212,192.168.128.110,443,6,0.0001708135,4.4082794e-06,0.008104334,0.014382951,0.008072966,0.0127523,Snapchat
192.168.128.64,35.186.226.184,443,6,2.9906776e-05,7.214177e-07,0.00815709,0.0084735565,0.0064590853,0.008482994,Snapchat
192.168.128.3,35.186.226.184,443,6,6.228283e-05,1.9881638e-05,0.008637904,0.11463292,0.07484078,0.11660807,Snapchat
35.186.226.184,192.168.121.24,443,6,5.5084943e-06,1.8322507e-07,0.008174248,0.005550043,0.00617246,0.0064393077,Snapchat
35.190.43.134,192.168.128.89,443,6,0.00036219743,9.6997965e-06,0.008288274,0.05189254,0.025508808,0.041356616,Snapchat
35.186.197.135,192.168.127.13,443,6,0.00017292933,9.098869e-07,0.0002996515,0.052830365,0.04922518,0.05934151,Snapchat
192.168.127.13,35.190.43.134,443,6,0.0002726569,9.092104e-06,0.008433125,0.03972847,0.023577016,0.035195097,Snapchat
35.186.226.184,192.168.125.70,443,6,0.00017687547,8.444829e-06,0.007989458,0.05656485,0.020320417,0.043341357,Snapchat
216.239.36.126,192.168.128.110,443,17,0.00030107846,7.845821e-06,0.008661594,0.03087047,0.015535469,0.025903137,Snapchat
192.168.128.61,172.64.163.6,443,6,2.5816984e-05,1.0616043e-05,0.0083677145,0.046092086,0.0144125,0.03376733,SoundCloud
172.64.129.33,192.168.122.85,443,6,0.00012887668,5.418384e-06,0.008241132,0.03982716,0.012221763,0.029473925,SoundCloud
13.35.76.41,192.168.125.85,443,6,5.003305e-05,7.169983e-06,0.008158544,0.09342285,0.06494711,0.09554176,SoundCloud
192.168.122.85,172.64.129.33,443,6,0.00010783526,5.8872706e-06,0.008210758,0.031092422,0.010687241,0.024819514,SoundCloud
13.32.86.26,192.168.125.85,443,6,2.4011419e-05,1.0737647e-05,0.00816433,0.070806414,0.060058367,0.08038207,SoundCloud
172.64.129.33,192.168.122.85,443,6,5.1631774e-05,5.2177515e-06,0.00803608,0.033723637,0.029030735,0.039338015,SoundCloud
52.85.164.203,192.168.122.9,443,6,2.9867244e-05,3.738714e-06,0.008267112,0.018700588,0.009379896,0.018244555,SoundCloud
13.35.76.41,192.168.125.85,443,6,0.000434915,2.905192e-06,0.008398908,0.028684963,0.010361951,0.01977578,SoundCloud
54.192.57.56,192.168.121.24,443,6,8.393479e-05,9.608996e-06,0.008142585,0.08431272,0.068415575,0.09550994,SoundCloud
192.168.121.24,13.35.107.51,443,6,2.7053275e-06,4.3008718e-06,0.00843924,0.017957555,0.011746366,0.019831514,SoundCloud
192.168.121.24,13.249.109.104,443,6,2.4487768e-05,5.1651436e-06,0.008159613,0.018551733,0.008310071,0.017145682,SoundCloud
13.35.76.59,192.168.125.85,443,6,0.00011073582,4.6078767e-06,0.008123391,0.040772233,0.031843945,0.046489533,SoundCloud
192.168.125.67,54.192.57.105,443,6,0.00024901782,1.6165825e-06,0.008033837,0.121702895,0.06235224,0.11018742,SoundCloud
13.33.56.44,192.168.125.85,443,6,5.7431972e-08,4.691926e-06,0.008639762,0.027885105,0.013143414,0.02691482,SoundCloud
54.192.57.56,192.168.121.24,443,6,0.00018675781,2.447286e-06,0.008081153,0.02324356,0.012595472,0.02163653,SoundCloud
13.35.115.45,192.168.121.24,443,6,2.6122147e-05,9.630648e-06,0.008149317,0.07988517,0.063243866,0.08606793,SoundCloud
13.32.86.41,192.168.125.85,443,6,2.624125e-07,4.123124e-06,0.008491969,0.017751575,0.014820102,0.021957098,SoundCloud
13.35.107.43,192.168.125.67,443,6,0.00017639445,2.4583153e-06,0.008248088,0.015172867,0.007933245,0.013750764,SoundCloud
192.168.122.9,52.85.164.203,443,6,0.00020023444,1.3713542e-05,0.008409041,0.056670904,0.01363604,0.035966687,SoundCloud
52.85.234.110,192.168.125.85,443,6,6.453015e-05,2.9588211e-06,0.008200195,0.020290159,0.008911969,0.018109893,SoundCloud
192.168.125.85,13.35.76.41,443,6,0.00010962832,5.879836e-06,0.008263696,0.04538517,0.032443713,0.049336385,SoundCloud
192.168.122.9,52.85.164.203,443,6,5.7057943e-05,4.3734863e-06,0.0081727365,0.01618401,0.012610003,0.018529655,SoundCloud
192.168.122.85,172.64.129.33,443,6,6.2176776e-05,3.8444405e-06,0.008155825,0.020317674,0.008563458,0.017809844,SoundCloud
192.168.125.67,54.192.57.105,443,6,3.3506055e-06,5.976076e-06,0.008270483,0.018522207,0.010099826,0.01881795,SoundCloud
192.168.121.24,13.35.115.45,443,6,2.259781e-06,4.4061526e-06,0.008311595,0.018270537,0.01164188,0.019881364,SoundCloud
172.64.129.33,192.168.122.85,443,6,0.00036118782,7.252384e-05,0.008250038,0.22449861,0.110647745,0.13073121,SoundCloud
13.35.107.48,192.168.121.24,443,6,1.1072293e-05,5.5650285e-06,0.008239269,0.018476164,0.010454667,0.01896177,SoundCloud
192.168.125.67,13.35.107.43,443,6,8.2698726e-08,4.1842454e-06,0.008550691,0.024843555,0.013999827,0.02635966,SoundCloud
13.33.56.44,192.168.125.85,443,6,2.2490444e-06,6.661794e-06,0.008480644,0.018875606,0.0108923465,0.019768877,SoundCloud
172.64.163.6,192.168.128.61,443,6,0.00015965065,3.7513573e-06,0.008176,0.022344453,0.008633841,0.017488053,SoundCloud
192.168.125.85,52.85.234.110,443,6,7.3976844e-05,4.049709e-06,0.008249375,0.024393369,0.019420125,0.0279747,SoundCloud
172.64.129.33,192.168.122.85,443,6,1.4181515e-05,1.2824955e-05,0.008151672,0.07328163,0.06030849,0.08078804,SoundCloud
13.249.109.104,192.168.121.24,443,6,5.8490834e-05,4.409255e-06,0.008163963,0.09317724,0.05817747,0.09356524,SoundCloud
192.168.121.24,13.35.107.48,443,6,2.8289978e-05,9.340296e-06,0.008126876,0.06406134,0.055632308,0.07329383,SoundCloud
192.168.125.85,13.33.56.44,443,6,0.0003212895,3.5772398e-06,0.0083675375,0.0304456,0.00932934,0.021358758,SoundCloud
13.35.107.43,192.168.125.67,443,6,1.549355e-05,1.1138858e-05,0.008471109,0.045371152,0.015329715,0.03497834,SoundCloud
192.168.125.85,13.33.56.44,443,6,0.0002228445,2.1881358e-05,0.008183365,0.18967806,0.08920872,0.13397282,SoundCloud
192.168.125.85,13.35.76.59,443,6,0.00043912217,2.9578636e-05,0.008358422,0.060878556,0.017874327,0.03824379,SoundCloud
192.168.125.85,13.35.76.41,443,6,0.00017906008,5.0263557e-06,0.0081928065,0.025328998,0.009035957,0.019438613,SoundCloud
192.168.125.85,13.33.56.44,443,6,3.1008176e-06,5.460167e-06,0.008387839,0.029029384,0.014954172,0.02801844,SoundCloud
192.168.128.61,172.64.163.6,443,6,2.684695e-05,8.650567e-06,0.008222189,0.024422677,0.02222476,0.030937692,SoundCloud
192.168.121.24,54.192.57.56,443,6,2.0077637e-07,1.5265034e-05,0.008544593,0.066284426,0.01783471,0.04110112,SoundCloud
13.35.76.41,192.168.125.85,443,6,6.5853405e-05,3.3216502e-06,0.008157638,0.011638225,0.008024013,0.01230995,SoundCloud
192.168.122.85,172.64.129.33,443,6,1.425979e-07,3.292763e-06,0.008599365,0.018716788,0.014184464,0.023155816,SoundCloud
192.168.125.85,13.35.76.41,443,6,2.4036068e-05,1.2609556e-05,0.008318068,0.094834946,0.06138818,0.09878883,SoundCloud
54.192.57.105,192.168.125.67,443,6,0.00010954912,3.5627531e-06,0.008114057,0.021338636,0.009142888,0.018478101,SoundCloud
192.168.125.85,13.32.86.26,443,6,2.3820792e-05,1.2207803e-05,0.008193809,0.07785243,0.06137706,0.08374655,SoundCloud
192.168.121.24,54.192.57.56,443,6,1.3473244e-05,8.815767e-06,0.0085062785,0.035637718,0.014243895,0.029107995,SoundCloud
192.168.121.24,13.35.107.48,443,6,3.0218263e-05,8.905421e-06,0.008131678,0.0787246,0.06439655,0.08593989,SoundCloud
52.85.164.203,192.168.122.9,443,6,0.00014882626,5.9952786e-06,0.008320428,0.043154985,0.012457429,0.03077451,SoundCloud
13.249.109.104,192.168.121.24,443,6,4.9752623e-05,6.1930136e-06,0.008205638,0.031161763,0.010208974,0.02444542,SoundCloud
192.168.125.67,13.35.107.43,443,6,8.088159e-05,6.947108e-06,0.008030616,0.019678717,0.007753391,0.016319731,SoundCloud
13.35.115.45,192.168.121.24,443,6,0.0001578698,3.8349453e-06,0.0082442975,0.02595406,0.012071571,0.022505648,SoundCloud
13.35.107.51,192.168.121.24,443,6,3.4970955e-05,1.6156797e-05,0.008257653,0.09946229,0.071869,0.10215007,SoundCloud
192.168.125.85,13.35.76.41,443,6,1.1050028e-07,4.4832195e-06,0.008561313,0.030952996,0.014792995,0.029540928,SoundCloud
13.35.107.51,192.168.121.24,443,6,1.9199244e-09,5.5135506e-06,0.008822585,0.046931207,0.012682033,0.031372674,SoundCloud
192.168.125.85,13.33.56.44,443,6,0.00024784743,1.1599512e-06,0.0077734278,0.11233123,0.056697205,0.10247339,SoundCloud
192.168.125.85,13.35.76.39,443,6,0.00027312496,3.1672084e-06,0.008092942,0.025626486,0.008292882,0.015634298,SoundCloud
192.168.121.24,13.249.109.104,443,6,0.000118297845,3.277531e-06,0.008183148,0.020386383,0.014208907,0.021230843,SoundCloud
192.168.125.85,52.85.234.110,443,6,0.00039796624,4.273495e-06,0.00822716,0.021243403,0.00673868,0.013958374,SoundCloud
172.64.163.6,192.168.128.61,443,6,0.00052349566,3.4455043e-06,0.008238833,0.022706393,0.006024721,0.012644717,SoundCloud
13.33.56.44,192.168.125.85,443,6,2.9546534e-06,8.169415e-06,0.008432352,0.030091291,0.013102316,0.026810855,SoundCloud
13.35.76.59,192.168.125.85,443,6,0.00022712586,1.9044812e-06,0.0080458885,0.11535133,0.058568977,0.1055194,SoundCloud
13.35.107.48,192.168.121.24,443,6,0.00064948335,4.039653e-06,0.008132783,0.019166779,0.0051642535,0.010109256,SoundCloud
52.85.234.110,192.168.125.85,443,6,2.0885722e-07,8.701934e-06,0.008598622,0.04615224,0.015422728,0.034978688,SoundCloud
13.32.86.41,192.168.125.85,443,6,0.0003441049,2.1565104e-06,0.008352496,0.023465136,0.0099047115,0.018895365,SoundCloud
13.35.76.41,192.168.125.85,443,6,2.7675193e-05,1.0446526e-05,0.008250615,0.07840149,0.06389466,0.08632671,SoundCloud
192.168.125.85,13.32.86.26,443,6,6.824009e-05,4.338078e-06,0.0079894075,0.04052187,0.034587212,0.048171554,SoundCloud
192.168.125.85,13.35.76.39,443,6,4.433414e-05,7.2731964e-06,0.008129306,0.041863054,0.035725772,0.05008568,SoundCloud
192.168.125.85,13.35.76.59,443,6,6.986151e-05,7.620097e-06,0.008357798,0.033729993,0.010948615,0.025694989,SoundCloud
192.168.125.85,13.32.86.41,443,6,0.00010508269,4.815538e-06,0.008249379,0.03490062,0.024210816,0.03708104,SoundCloud
192.168.125.85,13.32.86.41,443,6,5.361461e-05,1.1408964e-05,0.008284704,0.04287981,0.012147571,0.030448275,SoundCloud
13.35.76.41,192.168.125.85,443,6,4.747145e-05,7.2293665e-06,0.008235787,0.029180419,0.025553938,0.035091817,SoundCloud
192.168.121.24,13.35.107.51,443,6,7.947097e-06,9.4433135e-06,0.008449533,0.03668407,0.014259376,0.030237133,SoundCloud
13.32.86.26,192.168.125.85,443,6,6.394404e-05,3.680575e-06,0.008105545,0.012348069,0.009730962,0.014212984,SoundCloud
54.192.57.105,192.168.125.67,443,6,4.231329e-07,3.7076138e-06,0.008512092,0.017590284,0.012918423,0.021105777,SoundCloud
192.168.122.85,172.64.129.33,443,6,0.00010939774,3.2314044e-06,0.008196433,0.018326206,0.011749727,0.018652499,SoundCloud
13.35.76.39,192.168.125.85,443,6,6.7719434e-06,3.0935337e-06,0.008503283,0.019863771,0.012053819,0.021132292,SoundCloud
13.35.76.41,192.168.125.85,443,6,0.0005058171,2.2586653e-06,0.008187391,0.014461745,0.0042451713,0.007888016,SoundCloud
192.168.125.85,13.35.76.41,443,6,0.00027846283,3.0781982e-06,0.008146195,0.023196975,0.008056399,0.016105149,SoundCloud
192.168.121.24,13.35.115.45,443,6,3.482871e-05,1.0706746e-05,0.008212218,0.08828279,0.06072385,0.09082869,SoundCloud
192.168.125.85,13.35.76.41,443,6,9.533135e-08,4.881408e-06,0.008494548,0.01867953,0.014257158,0.022883283,SoundCloud
13.33.56.44,192.168.125.85,443,6,1.26433e-06,7.445667e-06,0.008417084,0.03894709,0.01593081,0.03396796,SoundCloud
13.35.76.39,192.168.125.85,443,6,4.78298e-05,4.0124996e-06,0.008146849,0.021882338,0.010689617,0.020199912,SoundCloud
66.135.214.209,192.168.122.141,443,6,1.1715506e-07,6.470354e-05,4.7504878e-07,0.052385036,0.042080034,0.06502811,eBay
66.135.212.230,192.168.121.42,443,6,2.323662e-05,5.9851045e-05,7.864944e-07,0.05396707,0.05859406,0.0692714,eBay
66.135.205.19,192.168.121.42,443,6,5.4845652e-09,2.2520217e-05,2.8771055e-07,0.053063292,0.042115703,0.063089564,eBay
66.211.179.158,192.168.121.42,443,6,0.00018483866,1.4060029e-07,4.4102708e-07,0.044099197,0.018085318,0.040302567,eBay
66.135.195.138,192.168.122.44,443,6,9.932982e-06,1.0354087e-05,3.9642902e-07,0.091835015,0.0658612,0.091015466,eBay
66.135.197.112,192.168.122.44,443,6,0.00035024874,2.450945e-10,3.3218896e-07,0.020369252,0.0044300896,0.011278728,eBay
23.32.212.28,192.168.122.44,443,6,8.5767647e-07,1.2216467e-05,2.0716452e-07,0.053057652,0.05226383,0.07084436,eBay
23.32.212.28,192.168.128.11,443,6,5.22952e-08,2.1489926e-05,1.9065551e-07,0.053927343,0.049972568,0.0668598,eBay
66.135.211.19,192.168.122.44,443,6,0.00024690028,6.3734634e-10,3.2776168e-07,0.020064525,0.0057062674,0.014067998,eBay
23.211.230.169,192.168.121.42,443,6,5.8260423e-05,5.409266e-09,3.8739017e-07,0.020514816,0.013463836,0.025695566,eBay
23.211.230.169,192.168.121.42,443,6,0.00019201245,1.9536817e-08,5.663639e-07,0.020088142,0.008369758,0.01788131,eBay
216.113.184.215,192.168.121.42,443,6,1.4445827e-08,3.6001995e-05,2.3010014e-07,0.05310003,0.044982858,0.06482825,eBay
66.211.180.60,192.168.121.42,443,6,9.775967e-10,3.613921e-05,2.7518774e-07,0.05353652,0.029148119,0.055749137,eBay
23.211.230.45,192.168.122.44,443,6,7.3875848e-09,1.9651794e-05,1.6972756e-07,0.053912636,0.04475111,0.06540432,eBay
192.168.122.44,23.32.212.28,443,6,3.172912e-05,8.523345e-06,3.9993014e-07,0.10733477,0.07479563,0.09551393,eBay
192.168.121.42,66.135.201.93,443,6,0.00012802321,1.5866183e-08,4.9522964e-07,0.020282334,0.009314293,0.01978977,eBay
192.168.121.42,216.113.184.215,443,6,2.750251e-11,6.621681e-05,2.564474e-07,0.051506598,0.021709837,0.051217947,eBay
23.202.103.109,192.168.121.42,443,6,0.00015563589,4.313408e-09,4.847395e-07,0.0203202,0.010631099,0.022069307,eBay
192.168.121.42,66.135.214.209,443,6,0.00016892797,1.3400171e-08,5.9598386e-07,0.0202025,0.009656723,0.019504597,eBay
192.168.122.44,66.135.211.19,443,6,8.442969e-17,2.024364e-05,3.477561e-07,0.047272313,0.018316537,0.041225202,eBay
192.168.121.42,66.135.212.230,443,6,2.7703122e-13,1.4006638e-05,1.1679629e-07,0.054105945,0.023143282,0.05058492,eBay
23.211.230.169,192.168.121.42,443,6,0.0006778661,8.175636e-07,5.798142e-07,0.070010096,0.026485555,0.053832047,eBay
192.168.121.42,23.202.103.109,443,6,0.00017565544,2.8277392e-09,4.400381e-07,0.020705296,0.010179738,0.020832427,eBay
66.135.200.43,192.168.121.42,443,6,0.00028821407,1.2834943e-07,5.168777e-07,0.03945447,0.014246032,0.032402538,eBay
66.211.181.96,192.168.121.42,443,6,6.1901986e-08,1.5601147e-05,1.9871753e-07,0.054590333,0.050877336,0.07080933,eBay
192.168.122.44,23.32.212.28,443,6,7.1336726e-05,1.2856523e-08,3.8829563e-07,0.019564727,0.01080391,0.021659413,eBay
66.211.181.121,192.168.121.42,80,6,0.00010516269,1.4932615e-08,5.3976373e-07,0.0198933,0.010743242,0.02088054,eBay
192.168.125.91,23.33.48.43,443,6,4.6680446e-09,4.617022e-05,6.1002646e-07,0.053239886,0.027062327,0.05752802,eBay
192.168.121.42,66.211.181.121,80,6,0.00055496395,2.6018373e-07,5.443869e-07,0.051179983,0.016306937,0.037083752,eBay
192.168.122.44,23.32.212.28,443,6,0.00026540027,2.8183726e-07,4.8133245e-07,0.05756417,0.022431072,0.050405774,eBay
192.168.121.42,216.113.184.215,443,6,0.00066009886,7.704634e-07,5.491047e-07,0.07353747,0.029361637,0.057622995,eBay
192.168.121.42,66.135.205.19,443,6,6.5773044e-15,2.556147e-05,4.9938853e-07,0.047777627,0.017411774,0.04157691,eBay
192.168.122.44,66.135.197.112,80,6,0.00028759756,1.6066976e-10,3.3911803e-07,0.020106459,0.004119684,0.010532266,eBay
192.168.121.42,23.211.230.45,443,6,9.4783754e-05,5.156028e-09,4.472431e-07,0.02039858,0.012738968,0.024285879,eBay
192.168.121.42,66.211.180.60,443,6,3.404721e-14,1.09610855e-05,2.2388718e-07,0.051302455,0.021427887,0.046662886,eBay
192.168.121.42,66.135.212.230,443,6,3.5594587e-06,4.279891e-05,4.5735257e-07,0.054222777,0.0543649,0.07208489,eBay
192.168.122.44,23.32.212.28,443,6,4.335366e-12,2.9004974e-05,3.1121237e-07,0.05225461,0.021948883,0.049407978,eBay
192.168.121.42,66.135.214.209,443,6,8.494981e-10,3.3817945e-05,2.2549064e-07,0.052421678,0.034448907,0.058863387,eBay
23.211.230.169,192.168.121.42,443,6,0.00060913916,4.858966e-07,6.166842e-07,0.06254082,0.021510853,0.04700754,eBay
66.135.212.139,192.168.121.42,443,6,0.0003381069,2.5821206e-10,3.0999198e-07,0.019600479,0.0042369836,0.010950075,eBay
192.168.121.42,66.135.212.230,443,6,0.00027700808,5.20611e-09,6.498356e-07,0.02066788,0.01012273,0.019921005,eBay
192.168.121.42,23.211.230.169,443,6,2.5096008e-12,4.597369e-05,2.77971e-07,0.052122276,0.020171508,0.050090227,eBay
192.168.121.42,66.211.183.13,443,6,0.00033508934,6.5987706e-07,4.43805e-07,0.07819421,0.028918559,0.06600351,eBay
192.168.121.42,23.211.230.169,443,6,8.8818343e-14,1.2669899e-05,2.410845e-07,0.049988523,0.01842253,0.045557242,eBay
23.202.103.109,192.168.121.42,443,6,9.0539375e-05,2.6006466e-05,5.0244347e-07,0.06680693,0.068146355,0.07630705,eBay
23.32.212.28,192.168.128.11,443,6,0.0007928636,2.0894568e-07,5.9744525e-07,0.04381976,0.012646265,0.028723614,eBay
192.168.122.44,216.113.185.13,443,6,0.00010338448,2.441575e-06,3.520685e-07,0.118358,0.055715524,0.09835927,eBay
66.211.179.158,192.168.121.42,443,6,6.8785323e-07,2.3660206e-05,3.507678e-07,0.052881446,0.055164967,0.072233364,eBay
192.168.121.42,23.32.66.124,443,6,0.0001273136,1.9822553e-06,4.059183e-07,0.108620875,0.047253672,0.093263336,eBay
23.33.48.43,192.168.128.252,443,6,0.00015882435,1.1271147e-06,3.4048654e-07,0.11209538,0.04848653,0.09798827,eBay
192.168.121.42,23.211.230.169,443,6,0.00020596066,1.9667081e-07,4.699439e-07,0.054832723,0.023923174,0.049148332,eBay
192.168.121.42,66.211.180.60,443,6,0.00028062993,1.1525255e-09,4.3761335e-07,0.020184537,0.0064735566,0.015075,eBay
192.168.121.42,23.211.230.45,443,6,0.00038327428,1.5017795e-07,5.9609016e-07,0.03948079,0.013359868,0.030183395,eBay
66.211.181.96,192.168.121.42,443,6,0.00016041574,1.2849046e-08,4.9788343e-07,0.02000033,0.009448185,0.019410575,eBay
192.168.122.44,216.113.185.13,443,6,7.648902e-05,2.1443212e-07,2.8089326e-07,0.056432508,0.027867053,0.058066398,eBay
66.135.200.43,192.168.121.42,443,6,0.00035613088,1.2307e-10,3.2877224e-07,0.020436985,0.0035191285,0.009642232,eBay
192.168.122.44,66.135.211.19,443,6,0.00027418713,1.4240417e-10,2.72639e-07,0.020087736,0.0038054865,0.0106015485,eBay
192.168.121.42,66.135.205.19,443,6,0.00023605341,6.334334e-09,5.9387895e-07,0.020408588,0.010967276,0.020665778,eBay
66.135.214.209,192.168.121.42,443,6,0.00017050967,1.1515548e-08,5.307357e-07,0.01927648,0.008678245,0.018472426,eBay
192.168.121.42,66.135.194.239,443,6,0.0001762265,9.907989e-10,3.4322147e-07,0.020158995,0.007569074,0.017351981,eBay
23.32.66.124,192.168.121.42,443,6,3.267842e-11,4.0192885e-05,2.6007731e-07,0.05189605,0.022082005,0.052420776,eBay
192.168.122.44,23.211.230.45,443,6,0.00027845593,3.4435707e-12,1.7635313e-07,0.009995988,0.0026217927,0.005145456,eBay
23.202.103.109,192.168.121.42,443,6,7.7192635e-06,5.372193e-05,5.531771e-07,0.05477542,0.05897724,0.071676314,eBay
192.168.121.42,23.211.230.45,443,6,0.00012435645,8.4329893e-10,3.2732623e-07,0.019491972,0.007506591,0.017182274,eBay
192.168.121.42,23.211.230.45,443,6,0.00019823789,1.9739925e-06,4.051827e-07,0.09532859,0.04551287,0.08524709,eBay
23.211.230.45,192.168.121.42,443,6,2.7630724e-09,1.9524916e-05,2.3978347e-07,0.051808786,0.03978657,0.061053533,eBay
66.135.197.112,192.168.122.44,80,6,1.3239678e-09,3.821333e-05,2.7268763e-07,0.053480938,0.032552283,0.057612386,eBay
192.168.121.42,66.135.214.209,443,6,0.00027056248,1.4042718e-06,4.1062287e-07,0.08851315,0.039619267,0.07912976,eBay
192.168.122.44,66.135.197.112,443,6,6.415872e-10,4.330694e-05,3.2451177e-07,0.05223286,0.024125585,0.05482798,eBay
66.211.180.60,192.168.121.42,443,6,1.13159746e-23,1.0718644e-06,4.904315e-07,0.022768028,0.008658504,0.022179622,eBay
104.100.173.124,192.168.125.82,443,6,0.00019594132,2.0802268e-08,5.319295e-07,0.020347774,0.008481529,0.018073253,eBay
192.168.121.42,23.211.230.169,443,6,0.00051660894,3.163376e-07,5.8193035e-07,0.060620423,0.021122003,0.045902975,eBay
192.168.121.42,66.211.179.158,443,6,0.00014826254,6.920259e-09,5.8759065e-07,0.02073136,0.0120735625,0.022998938,eBay
192.168.121.42,66.135.200.43,443,6,3.973031e-09,4.6646768e-05,3.5536553e-07,0.05349422,0.035045292,0.059863236,eBay
192.168.128.11,23.32.212.28,443,6,0.00018054905,7.884487e-06,7.1938956e-07,0.06305744,0.06716727,0.07436946,eBay
192.168.128.11,23.32.212.28,443,6,7.151566e-05,2.0606456e-06,3.1540227e-07,0.112782985,0.051546358,0.090639934,eBay
66.135.205.19,192.168.121.42,443,6,1.9390661e-06,1.477203e-18,8.3900964e-08,0.0022184618,0.003865998,0.0040506045,eBay
66.135.201.93,192.168.121.42,443,6,0.00011034864,0.000101815014,1.365675e-06,0.058003366,0.07119565,0.072940715,eBay
192.168.121.42,23.202.103.109,443,6,0.00034078295,8.09916e-08,5.8641393e-07,0.034684658,0.011910228,0.026742395,eBay
192.168.122.44,66.135.197.112,443,6,0.0005909585,1.5532594e-07,5.3019187e-07,0.043058813,0.012822041,0.029535525,eBay
66.135.212.139,192.168.121.42,443,6,0.0005972759,4.351378e-06,6.2818066e-07,0.061479636,0.050837584,0.06839047,eBay
192.168.128.252,23.33.48.43,443,6,0.00025712847,1.6236399e-08,6.0520534e-07,0.019438723,0.008359522,0.017010918,eBay
23.33.48.43,192.168.125.91,443,6,1.7258914e-08,1.3203078e-05,1.792133e-07,0.053444736,0.04377109,0.06569331,eBay
66.135.212.230,192.168.121.42,443,6,0.00060514815,3.5324797e-06,5.263539e-07,0.062896065,0.04800645,0.06688289,eBay
66.135.211.19,192.168.122.44,443,6,0.00035408075,2.0689526e-09,5.1013296e-07,0.019897947,0.0068250373,0.015320339,eBay
192.168.121.42,66.135.201.93,443,6,0.0001418147,4.6904125e-07,3.1327087e-07,0.08151595,0.036385585,0.07642578,eBay
192.168.121.42,66.211.179.158,443,6,0.00021455096,3.3677858e-09,5.3422946e-07,0.020005714,0.009499424,0.019485494,eBay
192.168.121.42,66.135.201.93,443,6,0.0013833749,9.7745884e-05,2.2683487e-06,0.068163946,0.09115086,0.07365528,eBay
192.168.121.42,66.135.214.209,443,6,0.0002144859,1.600098e-10,2.7751753e-07,0.019902863,0.004154216,0.011377397,eBay
23.32.212.28,192.168.122.44,443,6,1.8356788e-05,4.7062753e-05,1.1160463e-06,0.05353876,0.05990987,0.07053745,eBay
66.135.212.230,192.168.121.42,443,6,0.00011363775,2.3934268e-08,6.077943e-07,0.020715982,0.009839695,0.020389058,eBay
192.168.121.42,66.135.194.239,443,6,3.3978301e-06,2.1614502e-05,3.5254726e-07,0.055385746,0.057455704,0.073173285,eBay
192.168.122.44,23.211.230.46,443,6,0.00025575564,6.927414e-05,1.3923766e-06,0.058539048,0.07528664,0.0686828,eBay
192.168.121.42,66.135.214.209,443,6,2.9912735e-07,4.8826158e-05,3.7254344e-07,0.053425502,0.050322212,0.06895618,eBay
192.168.122.44,23.211.230.46,443,6,2.652953e-08,6.6663574e-06,1.0080604e-07,0.04978106,0.046599645,0.0639661,eBay
192.168.121.42,66.135.212.230,443,6,1.7986117e-06,4.0436553e-05,5.9407495e-07,0.052295938,0.05134604,0.069975644,eBay
192.168.122.44,23.211.230.45,443,6,6.3332493e-07,6.428459e-05,5.807816e-07,0.052212793,0.04684928,0.0663439,eBay
192.168.121.42,23.32.66.124,443,6,0.00014689601,6.9572885e-13,1.7344327e-07,0.005867034,0.0028599177,0.0039661336,eBay
192.168.121.42,66.211.181.121,80,6,0.00015662561,5.7542496e-07,3.275823e-07,0.09396197,0.041593112,0.088014476,eBay
23.211.230.45,192.168.121.42,443,6,0.0005301435,7.557405e-11,3.0806336e-07,0.020726634,0.003374022,0.008817346,eBay
23.32.66.124,192.168.121.42,443,6,0.0013993444,6.287662e-07,7.0112435e-07,0.06432624,0.0199303,0.041323673,eBay
192.168.128.11,23.32.212.28,443,6,5.7566053e-06,2.7478976e-05,3.7558638e-07,0.05582416,0.059275452,0.07277411,eBay
192.168.121.42,23.202.103.109,443,6,1.865465e-07,9.0245965e-05,5.5268566e-07,0.051480845,0.045470726,0.06671321,eBay
66.135.205.19,192.168.121.42,443,6,0.00019193119,1.229279e-09,3.8760342e-07,0.020111412,0.0076635717,0.017240588,eBay
23.32.212.28,192.168.122.44,443,6,3.267739e-05,3.1691088e-06,3.3934157e-07,0.1291881,0.071343124,0.0951249,eBay
104.100.173.124,192.168.125.82,443,6,4.8185288e-05,2.9640982e-05,7.830555e-07,0.05383367,0.060912676,0.067775704,eBay
192.168.121.42,66.211.179.158,443,6,1.3694455e-14,1.6505275e-05,3.2011596e-07,0.051889632,0.020065622,0.046336226,eBay
192.168.121.42,23.211.230.169,443,6,2.1456488e-17,5.7063353e-06,2.5482473e-07,0.040677804,0.0146808745,0.03398602,eBay
192.168.121.42,23.211.230.169,443,6,8.084165e-05,1.1535745e-05,5.023927e-07,0.08551135,0.06640484,0.0892293,eBay
66.135.197.112,192.168.122.44,443,6,0.00015144126,8.324197e-09,4.3050144e-07,0.020172233,0.010060719,0.020507611,eBay
23.211.230.45,192.168.127.25,80,6,0.0002082088,1.6282877e-09,4.038017e-07,0.020196365,0.007998907,0.017580993,eBay
23.211.230.45,192.168.121.42,443,6,9.430278e-05,1.5521887e-06,3.3551703e-07,0.115455404,0.053299796,0.095857926,eBay
66.135.214.209,192.168.121.42,443,6,0.0008933146,5.943577e-07,6.4228317e-07,0.062676445,0.021737223,0.044270933,eBay
23.211.230.45,192.168.121.42,443,6,1.4444453e-15,1.0020476e-05,8.4091107e-07,0.039951056,0.0146760745,0.035087965,eBay
192.168.122.44,23.32.212.28,443,6,3.0024247e-12,2.4835294e-05,1.649335e-07,0.053292446,0.021166442,0.051732566,eBay
192.168.121.42,23.32.66.124,443,6,0.00017668736,4.0065293e-09,4.7024204e-07,0.020608969,0.010071747,0.021867916,eBay
66.135.201.93,192.168.121.42,443,6,0.00010589164,3.4674405e-05,7.140179e-07,0.058141503,0.066533715,0.06921164,eBay
23.211.230.169,192.168.121.42,443,6,0.00012086313,1.3426824e-05,6.886632e-07,0.06934589,0.07052285,0.07916173,eBay
192.168.121.42,66.135.200.43,443,6,0.0001014332,6.908561e-09,4.153178e-07,0.02084463,0.012212048,0.024225013,eBay
23.32.212.28,192.168.122.44,443,6,8.992404e-08,6.3741e-05,4.349252e-07,0.0537264,0.04334397,0.06563796,eBay
66.135.214.209,192.168.121.42,443,6,0.00036904987,1.2216921e-06,4.907248e-07,0.07555343,0.032497812,0.0655286,eBay
66.135.212.230,192.168.121.42,443,6,1.8058163e-08,1.1672548e-05,1.4244553e-07,0.05601741,0.048701692,0.06719465,eBay
23.32.66.124,192.168.121.42,443,6,0.00021979868,1.1282736e-09,3.922049e-07,0.019804703,0.0071050073,0.016164167,eBay
192.168.121.42,23.211.230.45,443,6,6.7588234e-11,2.5226984e-05,4.0461123e-07,0.05593967,0.021708671,0.052271437,eBay
192.168.121.42,66.135.212.230,443,6,0.00023110618,1.04607196e-07,5.7921454e-07,0.034405723,0.012683442,0.028413797,eBay
66.211.183.13,192.168.121.42,443,6,1.8090746e-11,4.1272142e-05,3.6188163e-07,0.0512197,0.020116739,0.05080712,eBay
192.168.121.42,66.135.212.139,443,6,0.0006930219,6.637036e-07,5.451803e-07,0.06537546,0.02290332,0.04957689,eBay
23.211.230.45,192.168.122.44,443,6,0.00078143686,3.732807e-07,5.691128e-07,0.055181496,0.017010687,0.03794424,eBay
66.135.214.209,192.168.121.42,443,6,9.992596e-10,1.4711543e-05,1.5977368e-07,0.05066298,0.039382514,0.059950337,eBay
23.32.212.28,192.168.128.11,443,6,0.00030014353,2.1552872e-10,2.8981475e-07,0.020317044,0.0041551664,0.011147708,eBay
192.168.128.252,23.33.48.43,443,6,0.00018833826,3.3026282e-09,4.4939625e-07,0.020282725,0.010138779,0.020742415,eBay
192.168.121.42,66.135.205.19,443,6,0.00027226933,5.28519e-09,6.2936675e-07,0.01975212,0.010073388,0.019155014,eBay
23.211.230.169,192.168.121.42,443,6,9.057884e-06,6.985707e-06,3.5553774e-07,0.1287373,0.079389006,0.10169429,eBay
192.168.121.42,66.211.183.13,443,6,0.00012163024,9.236516e-06,6.3260296e-07,0.079510234,0.06617849,0.08421886,eBay
192.168.128.3,104.100.173.124,443,6,9.52118e-12,2.4832712e-05,4.5313047e-07,0.051417783,0.02156917,0.04857632,eBay
192.168.122.44,66.135.197.112,80,6,2.930096e-11,2.7305838e-05,2.3822554e-07,0.054375958,0.020044276,0.05004635,eBay
23.32.212.28,192.168.128.11,443,6,0.000790974,6.786131e-05,2.0869766e-06,0.06066525,0.07892116,0.06854881,eBay
66.135.214.209,192.168.121.42,443,6,0.00015854323,2.2251736e-08,4.9449295e-07,0.021240963,0.008792808,0.019031715,eBay
104.100.173.124,192.168.128.3,443,6,0.0003558307,1.384386e-06,4.8128703e-07,0.079982996,0.04045835,0.07212368,eBay
66.135.197.112,192.168.122.44,443,6,0.0004922399,7.577159e-07,5.021168e-07,0.0751327,0.028653832,0.06095673,eBay
216.113.184.215,192.168.121.42,443,6,0.00013310753,2.1061244e-09,4.2345866e-07,0.02001382,0.009342138,0.020107737,eBay
192.168.125.82,104.100.173.124,443,6,0.00022841693,2.2046243e-09,4.8504376e-07,0.02056832,0.008924495,0.018957788,eBay
66.135.212.230,192.168.121.42,443,6,8.043272e-05,3.5894898e-10,2.55969e-07,0.019427236,0.0060346094,0.014991275,eBay
66.135.201.93,192.168.121.42,443,6,8.519209e-06,8.864589e-06,3.2223767e-07,0.12534112,0.082816675,0.103268296,eBay
66.211.181.121,192.168.121.42,80,6,0.00016643316,2.2689119e-10,3.2961643e-07,0.01943842,0.0048655886,0.012019094,eBay
66.211.179.158,192.168.121.42,443,6,0.00029885463,2.7771097e-10,2.9270797e-07,0.019883998,0.0045062853,0.011834241,eBay
23.211.230.46,192.168.122.44,443,6,1.842545e-06,2.1785227e-05,3.057558e-07,0.052022588,0.05394955,0.06933357,eBay
23.211.230.45,192.168.121.42,443,6,3.09817e-07,7.828929e-06,1.6476135e-07,0.049978703,0.049645327,0.06622533,eBay
66.211.179.158,192.168.121.42,443,6,0.0001703709,1.431049e-08,5.667005e-07,0.020318609,0.00976027,0.01956762,eBay
192.168.121.42,66.211.181.96,443,6,2.0503368e-05,2.3715822e-05,5.9371473e-07,0.053668994,0.05653717,0.0695204,eBay
192.168.121.42,23.32.66.124,443,6,0.00017596842,7.7672035e-10,2.9910169e-07,0.020136505,0.0066792658,0.016433096,eBay
66.135.202.233,192.168.122.44,443,6,0.00076140027,9.552317e-07,5.4394064e-07,0.07413251,0.028918117,0.05619348,eBay
23.33.48.43,192.168.128.252,443,6,0.0003611713,6.672806e-07,4.747277e-07,0.0810951,0.031753562,0.06837795,eBay
192.168.121.42,66.135.214.209,443,6,0.00031102923,8.873696e-09,6.2472213e-07,0.021530492,0.009460858,0.019351235,eBay
192.168.121.42,66.135.214.209,443,6,0.00033237858,6.1985916e-06,6.2445827e-07,0.06112849,0.06175821,0.07338333,eBay
216.113.185.13,192.168.122.44,443,6,5.0493003e-18,2.1471778e-05,3.146299e-07,0.0483589,0.020831658,0.04476411,eBay
192.168.122.44,66.135.197.112,443,6,4.123445e-05,2.694922e-07,2.1823767e-07,0.06066708,0.034706905,0.06294095,eBay
23.211.230.46,192.168.122.44,443,6,0.00020093711,1.6510454e-06,3.7256513e-07,0.11139841,0.04628181,0.09529528,eBay
192.168.121.42,23.211.230.169,443,6,2.1164575e-09,2.4552868e-05,2.1483987e-07,0.05137462,0.039862227,0.06119547,eBay
192.168.122.44,23.211.230.45,443,6,9.226747e-05,1.1039828e-08,4.945755e-07,0.019802956,0.010972419,0.021720331,eBay
66.135.197.112,192.168.122.44,443,6,0.0004673893,1.2355297e-06,5.8028996e-07,0.0656389,0.03238956,0.059254028,eBay
192.168.128.11,23.32.212.28,443,6,4.7150673e-13,2.7043037e-05,3.1081254e-07,0.051501628,0.020445388,0.047938794,eBay
192.168.125.82,104.100.173.124,443,6,1.145851e-07,8.280246e-06,1.6595558e-07,0.050916057,0.044929385,0.06512671,eBay
192.168.122.44,66.135.202.233,443,6,0.0001035765,8.691998e-06,6.1894906e-07,0.09054334,0.067837164,0.090567484,eBay
66.135.194.239,192.168.121.42,443,6,0.00019700706,2.4564814e-10,4.4134433e-07,0.019667922,0.004835347,0.011491861,eBay
66.135.197.112,192.168.122.44,80,6,8.4156876e-05,6.470513e-09,4.062413e-07,0.020155564,0.012467206,0.024012603,eBay
23.211.230.45,192.168.122.44,443,6,7.495226e-09,4.1941286e-05,3.3952318e-07,0.052132174,0.03888608,0.062104523,eBay
192.168.127.25,23.211.230.45,80,6,0.00014883734,7.835686e-09,5.6227753e-07,0.019746978,0.010965568,0.021105288,eBay
23.32.212.28,192.168.128.11,443,6,1.681392e-09,3.5055768e-05,3.1636054e-07,0.05327628,0.03177076,0.05977351,eBay
23.211.230.45,192.168.121.42,443,6,0.00031522708,1.0072318e-06,4.489966e-07,0.080687046,0.035135943,0.07003438,eBay
66.135.195.138,192.168.122.44,443,6,5.1258045e-05,1.5548674e-06,2.9110947e-07,0.115563065,0.05602169,0.09381368,eBay
23.32.212.28,192.168.122.44,443,6,2.6010554e-15,5.4359703e-06,8.0654765e-08,0.048100755,0.01994788,0.04383753,eBay
66.135.214.209,192.168.121.42,443,6,0.0015088418,1.1389856e-06,6.7757924e-07,0.07061292,0.024260374,0.047566496,eBay
192.168.122.44,66.135.195.138,443,6,0.0010705707,1.6822339e-06,6.7837453e-07,0.068564884,0.030789094,0.05357259,eBay
192.168.122.44,66.135.197.112,443,6,1.6059307e-11,1.7299477e-05,9.928636e-08,0.052042615,0.025576022,0.053651474,eBay
192.168.122.44,66.135.197.112,443,6,0.00021858817,7.8029075e-08,4.845676e-07,0.038246762,0.014775985,0.032841083,eBay
192.168.128.3,104.100.173.124,443,6,0.00026352584,2.3146223e-08,6.1934117e-07,0.020593792,0.007800037,0.016741171,eBay
66.135.214.209,192.168.122.141,443,6,4.9562866e-05,3.726175e-05,8.932469e-07,0.054418124,0.062847815,0.068970084,eBay
23.32.66.124,192.168.121.42,443,6,0.00018032228,9.673271e-09,5.667524e-07,0.020893393,0.010896951,0.021270424,eBay
66.135.197.112,192.168.122.44,443,6,0.00032176802,2.2061448e-11,2.6695955e-07,0.016085913,0.0033004438,0.007368515,eBay
104.100.173.124,192.168.128.3,443,6,8.428361e-05,6.4808785e-07,2.7294496e-07,0.09152546,0.042171866,0.08634982,eBay
192.168.122.44,23.32.212.28,443,6,0.00020502607,1.09124e-07,4.5197942e-07,0.041090626,0.016468145,0.036070406,eBay
216.113.185.13,192.168.122.44,443,6,0.00023657728,3.1050675e-08,6.504991e-07,0.020382017,0.007506982,0.016541522,eBay
23.202.103.109,192.168.121.42,443,6,0.0002603691,6.0222067e-07,4.5719733e-07,0.07939634,0.03193381,0.06952328,eBay
192.168.122.44,66.135.202.233,443,6,1.023386e-05,8.663602e-05,7.191385e-07,0.05471029,0.057294205,0.06972028,eBay
23.32.212.28,192.168.128.11,443,6,1.9850297e-09,6.011113e-05,2.5027518e-07,0.052595936,0.035527125,0.06102619,eBay
23.211.230.45,192.168.127.25,80,6,3.3071587e-10,4.421259e-05,3.2975132e-07,0.05209047,0.022008687,0.051187955,eBay
192.168.121.42,66.135.205.19,443,6,2.1419598e-06,2.282678e-05,3.506618e-07,0.054387163,0.057721395,0.07245236,eBay
66.135.197.112,192.168.122.44,443,6,1.4163136e-10,3.9987888e-05,2.5632713e-07,0.055089172,0.023689996,0.053789604,eBay
192.168.121.42,23.202.103.109,443,6,0.00019234723,1.676487e-08,5.501032e-07,0.020493617,0.009417202,0.019038495,eBay
23.211.230.169,192.168.121.42,443,6,1.1506413e-06,6.3573825e-05,6.9377063e-07,0.052074652,0.047342803,0.065285005,eBay
66.135.202.233,192.168.122.44,443,6,0.0002296433,3.1514424e-10,3.2745643e-07,0.01971097,0.0046390025,0.011920355,eBay
66.135.205.19,192.168.121.42,443,6,1.4274051e-06,2.6866572e-05,5.5179873e-07,0.054390132,0.05161656,0.06922586,eBay
192.168.121.42,23.211.230.169,443,6,0.0006200469,2.6805145e-07,6.49897e-07,0.046689663,0.0142764645,0.032118604,eBay
192.168.121.42,66.211.181.96,443,6,0.00017582452,1.5012118e-08,5.259194e-07,0.020476447,0.009125086,0.01912363,eBay
192.168.128.11,23.32.212.28,443,6,0.00011238897,3.0734906e-08,4.8266367e-07,0.022235239,0.0092174355,0.020823399,eBay
192.168.122.44,66.135.197.112,443,6,1.6112178e-14,2.1265794e-05,2.0561606e-07,0.0514367,0.020751407,0.04779087,eBay
192.168.122.44,66.135.195.138,443,6,0.00015889357,8.63655e-09,5.972299e-07,0.020478677,0.010902739,0.02148771,eBay
66.135.212.230,192.168.121.42,443,6,4.5829863e-14,1.828287e-05,3.339108e-07,0.04829417,0.016423348,0.04185571,eBay
23.211.230.169,192.168.121.42,443,6,4.890277e-05,1.6153726e-13,2.0309541e-07,0.004903679,0.0035558138,0.004539201,eBay
192.168.121.42,23.211.230.45,443,6,7.4251247e-06,2.0128044e-05,4.163739e-07,0.052844908,0.05419318,0.07148112,eBay
23.33.48.43,192.168.125.91,443,6,0.00096869556,2.7159675e-05,1.5364844e-06,0.062329013,0.07560722,0.06994775,eBay
192.168.122.141,66.135.214.209,443,6,0.00014842635,2.4115996e-09,4.384923e-07,0.020095065,0.009110869,0.01986708,eBay
66.211.183.13,192.168.121.42,443,6,9.123809e-16,8.2696715e-06,3.6487197e-07,0.04400667,0.015037959,0.037187252,eBay
192.168.122.44,23.211.230.45,443,6,8.1184656e-11,3.2232056e-05,1.7447151e-07,0.052562706,0.022644863,0.051805902,eBay
192.168.125.91,23.33.48.43,443,6,3.0417652e-08,9.605827e-06,1.8365421e-07,0.053492676,0.044820655,0.06696109,eBay
192.168.121.42,66.135.212.139,443,6,0.00016198341,7.5851064e-10,3.4532144e-07,0.020091526,0.006795037,0.016102724,eBay
66.135.214.209,192.168.121.42,443,6,0.00037129782,1.09486e-06,4.5035387e-07,0.08186015,0.03529378,0.06975226,eBay
192.168.121.42,66.211.179.158,443,6,5.1049307e-07,3.540112e-05,6.7391113e-07,0.05102497,0.045541644,0.06713235,eBay
23.32.212.28,192.168.122.44,443,6,9.3859825e-08,5.9893923e-06,1.3551644e-07,0.054199673,0.055199448,0.06580273,eBay
192.168.127.25,23.211.230.45,80,6,0.00011691043,6.338213e-09,4.935196e-07,0.021002768,0.012628796,0.024547327,eBay
66.135.194.239,192.168.121.42,443,6,1.0635109e-10,2.6576754e-05,2.4337075e-07,0.052821822,0.02127656,0.05185849,eBay
192.168.121.42,66.135.214.209,443,6,0.00013955901,4.259226e-06,3.8593103e-07,0.09033982,0.05816475,0.088735454,eBay
66.135.214.209,192.168.121.42,443,6,0.00017027002,1.0386126e-07,4.0111195e-07,0.042584278,0.01811284,0.03939814,eBay
192.168.128.11,23.32.212.28,443,6,1.09095035e-08,2.895321e-05,2.6499325e-07,0.05205228,0.04380669,0.0644292,eBay
192.168.121.42,66.135.212.230,443,6,4.1332558e-05,4.125248e-14,1.7134006e-07,0.00472277,0.0036024083,0.0045373403,eBay
23.211.230.45,192.168.122.44,443,6,2.033043e-15,2.0716108e-05,1.1964502e-06,0.041559987,0.016184365,0.03985451,eBay
66.135.201.93,192.168.121.42,443,6,0.00016324321,6.048519e-09,5.300417e-07,0.02058597,0.01187142,0.022371257,eBay
192.168.122.141,66.135.214.209,443,6,3.8970718e-08,6.375596e-05,4.565516e-07,0.053195555,0.04086255,0.065202825,eBay
192.168.121.42,66.135.201.93,443,6,9.311317e-05,5.8718594e-09,4.874719e-07,0.020261982,0.012428847,0.024116123,eBay
